barrio Sant Gervasi - La Bonanova,4,es,,chalet,468,Sarrià-Sant Gervasi,false,V010-13,bj,false,false,,true,false,false,41.4135558,2.1296544,Barcelona,Sant Gervasi - La Bonanova,false,,9,sale,true,true,,3730000.0,7597.0,25868030,chalet,Barcelona,9,false,491.0,good,"Sant Gervasi - La Bonanova, Barcelona",Chalet,https://img3.idealista.com/blur/WEB_LISTING/0/id.pro.es.image.master/55/e8/02/827332926.jpg,false,https://www.idealista.com/inmueble/25868030/,2020_08_09
barrio Sant Gervasi - La Bonanova,4,es,independantHouse,chalet,526,Sarrià-Sant Gervasi,false,6268V,,false,false,,true,false,true,41.4133508,2.1304364,Barcelona,Sant Gervasi - La Bonanova,false,,19,sale,,,,3750000.0,7576.0,30538104,chalet,Barcelona,12,false,495.0,good,"Sant Gervasi - La Bonanova, Barcelona",Casa independiente,https://img3.idealista.com/blur/WEB_LISTING/0/id.pro.es.image.master/ba/c7/7a/188431489.jpg,false,https://www.idealista.com/inmueble/30538104/,2020_08_09
barrio Sant Gervasi - La Bonanova,4,es,,chalet,632,Sarrià-Sant Gervasi,false,LFS7013,,false,false,,false,false,false,41.4149093,2.1327563,Barcelona,Sant Gervasi - La Bonanova,false,,37,sale,,,NaN,3800000.0,5621.0,31467524,chalet,Barcelona,11,false,676.0,good,"Sant Gervasi - La Bonanova, Barcelona",Chalet,https://img3.idealista.com/blur/WEB_LISTING/0/id.pro.es.image.master/95/8a/af/754883201.jpg,false,https://www.idealista.com/inmueble/31467524/,2020_01_30
barrio Sant Gervasi - La Bonanova,4,es,,chalet,244,Sarrià-Sant Gervasi,false,LFS7013,,false,false,,false,false,false,41.4149093,2.1327563,Barcelona,Sant Gervasi - La Bonanova,false,,37,sale,,,NaN,3800000.0,5621.0,31467524,chalet,Barcelona,11,false,676.0,good,"Sant Gervasi - La Bonanova, Barcelona",Chalet,https://img3.idealista.com/blur/WEB_LISTING/0/id.pro.es.image.master/95/8a/af/754883201.jpg,false,https://www.idealista.com/inmueble/31467524/,2020_08_03
barrio Sant Gervasi - La Bonanova,4,es,,chalet,575,Sarrià-Sant Gervasi,false,LFS7013,,false,false,,false,false,false,41.4149093,2.1327563,Barcelona,Sant Gervasi - La Bonanova,false,,37,sale,,,,3800000.0,5621.0,31467524,chalet,Barcelona,11,false,676.0,good,"Sant Gervasi - La Bonanova, Barcelona",Chalet,https://img3.idealista.com/blur/WEB_LISTING/0/id.pro.es.image.master/95/8a/af/754883201.jpg,false,https://www.idealista.com/inmueble/31467524/,2020_08_09
Molins de Rei,3,es,,chalet,1811,,false,LFS4002,,false,false,,false,false,false,41.4262495,2.0350747,Molins de Rei,,false,,35,sale,true,true,,995000.0,1157.0,33974459,chalet,Barcelona,11,false,860.0,renew,Molins de Rei,Chalet,https://img3.idealista.com/blur/WEB_LISTING/0/id.pro.es.image.master/6b/35/35/602570739.jpg,false,https://www.idealista.com/inmueble/33974459/,2020_11_07
barrio Vallvidrera - El Tibidabo i les Planes,6,es,independantHouse,chalet,2453,Sarrià-Sant Gervasi,false,4220,,true,false,,false,false,true,41.4160601,2.1084237,Barcelona,Vallvidrera - El Tibidabo i les Planes,false,,29,sale,true,true,,2750000.0,5694.0,36369350,chalet,Barcelona,8,false,483.0,good,"Vallvidrera - El Tibidabo i les Planes, Barcelona",Casa independiente,https://img3.idealista.com/blur/WEB_LISTING/0/id.pro.es.image.master/7e/fb/40/214248780.jpg,false,https://www.idealista.com/inmueble/36369350/,2020_01_23
barrio Vallvidrera - El Tibidabo i les Planes,6,es,independantHouse,chalet,2273,Sarrià-Sant Gervasi,false,4220,,true,false,,false,false,true,41.4160601,2.1084237,Barcelona,Vallvidrera - El Tibidabo i les Planes,false,,29,sale,true,true,,2750000.0,5694.0,36369350,chalet,Barcelona,8,false,483.0,good,"Vallvidrera - El Tibidabo i les Planes, Barcelona",Casa independiente,https://img3.idealista.com/blur/WEB_LISTING/0/id.pro.es.image.master/7e/fb/40/214248780.jpg,false,https://www.idealista.com/inmueble/36369350/,2020_05_25
barrio Vallvidrera - El Tibidabo i les Planes,6,es,independantHouse,chalet,2453,Sarrià-Sant Gervasi,false,4220,,true,false,,false,false,true,41.4160601,2.1084237,Barcelona,Vallvidrera - El Tibidabo i les Planes,false,,29,sale,true,true,,2750000.0,5694.0,36369350,chalet,Barcelona,8,false,483.0,good,"Vallvidrera - El Tibidabo i les Planes, Barcelona",Casa independiente,https://img3.idealista.com/blur/WEB_LISTING/0/id.pro.es.image.master/7e/fb/40/214248780.jpg,false,https://www.idealista.com/inmueble/36369350/,2020_06_02
barrio Sant Gervasi - Galvany,3,es,,flat,858,Sarrià-Sant Gervasi,true,BCN8212,,false,false,true,false,false,false,41.3950225,2.1437586,Barcelona,Sant Gervasi - Galvany,false,,25,sale,,,,1950000.0,5891.0,38615912,flat,Barcelona,10,false,331.0,renew,"Sant Gervasi - Galvany, Barcelona",Piso,https://img3.idealista.com/blur/WEB_LISTING/0/id.pro.es.image.master/f0/56/e9/239703245.jpg,false,https://www.idealista.com/inmueble/38615912/,2020_02_07
Calle d'Adrià Margarit,6,es,independantHouse,chalet,626,Sarrià-Sant Gervasi,false,J06,,false,false,,false,false,false,41.4136513,2.1324798,Barcelona,Sant Gervasi - La Bonanova,false,,44,sale,,,,3730000.0,7581.0,81340835,chalet,Barcelona,13,false,492.0,good,"Sant Gervasi - La Bonanova, Barcelona",Casa independiente en Calle d'Adrià Margarit,https://img3.idealista.com/blur/WEB_LISTING/0/id.pro.es.image.master/6d/31/82/575001941.jpg,false,https://www.idealista.com/inmueble/81340835/,2020_08_09
La Plana - Bellsoleig,5,es,independantHouse,chalet,2429,La Plana - Bellsoleig,false,W-02CHXR,,false,false,,false,false,false,41.3948382,2.0752905,Sant Just Desvern,,false,,19,sale,true,true,,1250000.0,3197.0,82641425,chalet,Barcelona,8,false,391.0,good,"La Plana - Bellsoleig, Sant Just Desvern",Casa independiente,https://img3.idealista.com/blur/WEB_LISTING/0/id.pro.es.image.master/1d/2e/1e/601849551.jpg,false,https://www.idealista.com/inmueble/82641425/,2020_01_23
Sant Just Desvern,5,es,independantHouse,chalet,2768,,false,W-02CHXR,,false,false,,false,false,false,41.3948382,2.0752905,Sant Just Desvern,,false,,19,sale,true,true,NaN,1250000.0,3197.0,82641425,chalet,Barcelona,8,false,391.0,good,Sant Just Desvern,Casa independiente,https://img3.idealista.com/blur/WEB_LISTING/0/id.pro.es.image.master/1d/2e/1e/601849551.jpg,false,https://www.idealista.com/inmueble/82641425/,2020_08_04
La Plana - Bellsoleig,5,es,independantHouse,chalet,3069,La Plana - Bellsoleig,false,W-02CHXR,,false,false,,false,false,false,41.3948382,2.0752905,Sant Just Desvern,,false,,19,sale,true,true,,1250000.0,3197.0,82641425,chalet,Barcelona,8,false,391.0,good,"La Plana - Bellsoleig, Sant Just Desvern",Casa independiente,https://img3.idealista.com/blur/WEB_LISTING/0/id.pro.es.image.master/1d/2e/1e/601849551.jpg,false,https://www.idealista.com/inmueble/82641425/,2020_11_07
"Rambla de Canaletes, Barcelona",3,es,,flat,471,Ciutat Vella,true,ramblas,1,false,false,true,true,false,false,41.3829564,2.1716873,Barcelona,El Gòtic,false,,6,sale,,,,990000.0,5211.0,84028395,flat,Barcelona,8,false,190.0,good,"El Gòtic, Barcelona","Piso en Rambla de Canaletes, Barcelona",https://img3.idealista.com/blur/WEB_LISTING/0/id.pro.es.image.master/7f/25/0c/630287116.jpg,false,https://www.idealista.com/inmueble/84028395/,2021_02_12
Paseo Comte Vilardaga,2,es,independantHouse,chalet,3038,Can Calders,false,1763,,false,false,,false,false,false,41.3840347,2.0488828,Sant Feliu de Llobregat,,false,,18,sale,,,NaN,600000.0,2353.0,84244396,chalet,Barcelona,9,false,255.0,renew,"Can Calders, Sant Feliu de Llobregat",Casa independiente en Paseo Comte Vilardaga,https://img3.idealista.com/blur/WEB_LISTING/0/id.pro.es.image.master/0a/ca/a5/634898730.jpg,false,https://www.idealista.com/inmueble/84244396/,2020_06_17
Paseo Comte Vilardaga,2,es,independantHouse,chalet,865,Can Calders,false,1763,,false,false,,false,false,false,41.3840347,2.0488828,Sant Feliu de Llobregat,,false,,18,sale,,,NaN,600000.0,2353.0,84244396,chalet,Barcelona,9,false,255.0,renew,"Can Calders, Sant Feliu de Llobregat",Casa independiente en Paseo Comte Vilardaga,https://img3.idealista.com/blur/WEB_LISTING/0/id.pro.es.image.master/0a/ca/a5/634898730.jpg,false,https://www.idealista.com/inmueble/84244396/,2020_08_04
barrio Pedralbes,8,es,,chalet,3146,Les Corts,false,BCN16287,,false,false,,true,false,false,41.3915139,2.1111807,Barcelona,Pedralbes,false,,50,sale,true,true,,4600000.0,5823.0,84342098,chalet,Barcelona,10,false,790.0,renew,"Pedralbes, Barcelona",Chalet,https://img3.idealista.com/blur/WEB_LISTING/0/id.pro.es.image.master/48/48/b4/636989540.jpg,false,https://www.idealista.com/inmueble/84342098/,2020_02_26
barrio Pedralbes,8,es,,chalet,2743,Les Corts,false,BCN16287,,false,false,,true,false,false,41.3915139,2.1111807,Barcelona,Pedralbes,false,,50,sale,true,true,,4600000.0,5823.0,84342098,chalet,Barcelona,10,false,790.0,renew,"Pedralbes, Barcelona",Chalet,https://img3.idealista.com/blur/WEB_LISTING/0/id.pro.es.image.master/48/48/b4/636989540.jpg,false,https://www.idealista.com/inmueble/84342098/,2020_04_16
barrio Pedralbes,8,es,,chalet,837,Les Corts,false,BCN16287,,false,false,,true,false,false,41.3915139,2.1111807,Barcelona,Pedralbes,false,,50,sale,true,true,,4600000.0,5823.0,84342098,chalet,Barcelona,10,false,790.0,renew,"Pedralbes, Barcelona",Chalet,https://img3.idealista.com/blur/WEB_LISTING/0/id.pro.es.image.master/48/48/b4/636989540.jpg,false,https://www.idealista.com/inmueble/84342098/,2020_08_05
barrio Pedralbes,8,es,,chalet,694,Les Corts,false,BCN16287,,false,false,,true,false,false,41.3915139,2.1111807,Barcelona,Pedralbes,false,,50,sale,true,true,NaN,4600000.0,5823.0,84342098,chalet,Barcelona,10,false,790.0,renew,"Pedralbes, Barcelona",Chalet,https://img3.idealista.com/blur/WEB_LISTING/0/id.pro.es.image.master/48/48/b4/636989540.jpg,false,https://www.idealista.com/inmueble/84342098/,2020_09_04
barrio Pedralbes,8,es,,chalet,2819,Les Corts,false,BCN16287,,false,false,,true,false,false,41.3915139,2.1111807,Barcelona,Pedralbes,false,,50,sale,true,true,,4600000.0,5823.0,84342098,chalet,Barcelona,10,false,790.0,renew,"Pedralbes, Barcelona",Chalet,https://img3.idealista.com/blur/WEB_LISTING/0/id.pro.es.image.master/48/48/b4/636989540.jpg,false,https://www.idealista.com/inmueble/84342098/,2020_09_07
Calle de les Alberes,6,es,independantHouse,chalet,2331,Sarrià-Sant Gervasi,false,38082483,,false,false,,true,false,false,41.4141094,2.1067844,Barcelona,Vallvidrera - El Tibidabo i les Planes,false,,37,sale,,,,2750000.0,5694.0,85358282,chalet,Barcelona,8,false,483.0,good,"Vallvidrera - El Tibidabo i les Planes, Barcelona",Casa independiente en Calle de les Alberes,https://img3.idealista.com/blur/WEB_LISTING/0/id.pro.es.image.master/77/16/58/660399969.jpg,false,https://www.idealista.com/inmueble/85358282/,2020_01_23
Valldoreix,3,es,independantHouse,chalet,2945,Valldoreix,false,W-0275DQ,,false,false,,true,false,false,41.4525254,2.050987,Sant Cugat del Vallès,,false,,50,sale,true,true,,790000.0,1955.0,85640557,chalet,Barcelona,8,false,404.0,good,"Valldoreix, Sant Cugat del Vallès",Casa independiente,https://img3.idealista.com/blur/WEB_LISTING/0/id.pro.es.image.master/c6/78/97/809138115.jpg,false,https://www.idealista.com/inmueble/85640557/,2020_06_04
Valldoreix,3,es,independantHouse,chalet,2371,Valldoreix,false,W-0275DQ,,false,false,,true,false,false,41.4525254,2.050987,Sant Cugat del Vallès,,false,,50,sale,true,true,NaN,790000.0,1955.0,85640557,chalet,Barcelona,8,false,404.0,good,"Valldoreix, Sant Cugat del Vallès",Casa independiente,https://img3.idealista.com/blur/WEB_LISTING/0/id.pro.es.image.master/c6/78/97/809138115.jpg,false,https://www.idealista.com/inmueble/85640557/,2020_08_30
La Miranda - Ciutat Diagonal,5,es,independantHouse,chalet,3111,La Miranda - Ciutat Diagonal,false,W-02G3KB,,false,false,,false,false,false,41.3891563,2.0868353,Esplugues de Llobregat,,false,,42,sale,true,true,,1050000.0,3633.0,85976015,chalet,Barcelona,8,false,289.0,good,"La Miranda - Ciutat Diagonal, Esplugues de Llobregat",Casa independiente,https://img3.idealista.com/blur/WEB_LISTING/0/id.pro.es.image.master/ba/73/9f/680025602.jpg,false,https://www.idealista.com/inmueble/85976015/,2020_01_23
La Miranda - Ciutat Diagonal,5,es,independantHouse,chalet,3179,La Miranda - Ciutat Diagonal,false,W-02G3KB,,false,false,,false,false,false,41.3891563,2.0868353,Esplugues de Llobregat,,false,,42,sale,true,true,NaN,1050000.0,3633.0,85976015,chalet,Barcelona,8,false,289.0,good,"La Miranda - Ciutat Diagonal, Esplugues de Llobregat",Casa independiente,https://img3.idealista.com/blur/WEB_LISTING/0/id.pro.es.image.master/ba/73/9f/680025602.jpg,false,https://www.idealista.com/inmueble/85976015/,2020_08_04
barrio Vallvidrera - El Tibidabo i les Planes,8,es,independantHouse,chalet,2306,Sarrià-Sant Gervasi,false,W-02ATMC,,false,false,,true,false,false,41.4114663,2.1058312,Barcelona,Vallvidrera - El Tibidabo i les Planes,false,,34,sale,true,true,,3500000.0,3959.0,86578596,chalet,Barcelona,8,false,884.0,good,"Vallvidrera - El Tibidabo i les Planes, Barcelona",Casa independiente,https://img3.idealista.com/blur/WEB_LISTING/0/id.pro.es.image.master/f5/b5/a8/756023876.jpg,false,https://www.idealista.com/inmueble/86578596/,2020_01_23
Via Augusta,4,es,,flat,754,Sarrià-Sant Gervasi,true,4818,,false,true,true,true,false,true,41.4013355,2.1416863,Barcelona,Sant Gervasi - Galvany,false,,60,sale,,,NaN,1095000.0,3982.0,87026348,flat,Barcelona,8,false,275.0,good,"Sant Gervasi - Galvany, Barcelona",Piso en Via Augusta,https://img3.idealista.com/blur/WEB_LISTING/0/id.pro.es.image.master/20/57/c2/779481441.jpg,false,https://www.idealista.com/inmueble/87026348/,2020_08_01
Via Augusta,4,es,,flat,680,Sarrià-Sant Gervasi,true,4818,,false,true,true,true,false,true,41.4013355,2.1416863,Barcelona,Sant Gervasi - Galvany,false,,60,sale,,,,1095000.0,3982.0,87026348,flat,Barcelona,8,false,275.0,good,"Sant Gervasi - Galvany, Barcelona",Piso en Via Augusta,https://img3.idealista.com/blur/WEB_LISTING/0/id.pro.es.image.master/20/57/c2/779481441.jpg,false,https://www.idealista.com/inmueble/87026348/,2020_09_28
Via Augusta,4,es,,flat,574,Sarrià-Sant Gervasi,true,4818,,false,true,true,true,false,true,41.4013355,2.1416863,Barcelona,Sant Gervasi - Galvany,false,,60,sale,,,NaN,1095000.0,3982.0,87026348,flat,Barcelona,8,false,275.0,good,"Sant Gervasi - Galvany, Barcelona",Piso en Via Augusta,https://img3.idealista.com/blur/WEB_LISTING/0/id.pro.es.image.master/20/57/c2/779481441.jpg,false,https://www.idealista.com/inmueble/87026348/,2020_12_09
Avenida del Portal de l'Àngel,4,es,,flat,189,Ciutat Vella,true,,3,true,false,true,true,false,false,41.3858322,2.1716566,Barcelona,El Gòtic,false,,53,sale,,,,1900000.0,3918.0,87104248,flat,Barcelona,13,false,485.0,good,"El Gòtic, Barcelona",Piso en Avenida del Portal de l'Àngel,https://img3.idealista.com/blur/WEB_LISTING/0/id.pro.es.image.master/6c/77/70/711577252.jpg,false,https://www.idealista.com/inmueble/87104248/,2021_02_12
Centre,6,es,independantHouse,chalet,3208,Centre,false,,,false,false,,false,false,false,41.3758561,2.0909377,Esplugues de Llobregat,,false,,47,sale,true,true,NaN,2500000.0,5102.0,87439325,chalet,Barcelona,8,false,490.0,good,"Centre, Esplugues de Llobregat",Casa independiente,https://img3.idealista.com/blur/WEB_LISTING/0/id.pro.es.image.master/a0/9a/e7/721124347.jpg,false,https://www.idealista.com/inmueble/87439325/,2020_08_04
barrio El Gòtic,3,es,,flat,331,Ciutat Vella,true,26913,4,false,false,true,true,false,true,41.3867322,2.1739566,Barcelona,El Gòtic,false,,45,sale,,,,1900000.0,4194.0,87549880,flat,Barcelona,8,false,453.0,good,"El Gòtic, Barcelona",Piso,https://img3.idealista.com/blur/WEB_LISTING/0/id.pro.es.image.master/35/10/9d/724496560.jpg,false,https://www.idealista.com/inmueble/87549880/,2021_02_12
Paseo Calado,3,es,,chalet,1918,La Floresta - Les Planes,false,013753,bj,false,false,,false,false,false,41.464632,2.0991448,Sant Cugat del Vallès,,false,,37,sale,,,NaN,2400000.0,3409.0,87942444,chalet,Barcelona,8,false,704.0,renew,"La Floresta - Les Planes, Sant Cugat del Vallès",Chalet en Paseo Calado,https://img3.idealista.com/blur/WEB_LISTING/0/id.pro.es.image.master/f8/ee/f2/734788634.jpg,false,https://www.idealista.com/inmueble/87942444/,2020_08_30
Avenida del Portal de l'Àngel,3,es,,flat,143,Ciutat Vella,true,ADD1518,3,false,false,true,false,false,false,41.3873322,2.1716566,Barcelona,El Gòtic,false,,35,sale,,,,1900000.0,3918.0,88322515,flat,Barcelona,10,false,485.0,renew,"El Gòtic, Barcelona",Piso en Avenida del Portal de l'Àngel,https://img3.idealista.com/blur/WEB_LISTING/0/id.pro.es.image.master/6b/03/fc/819718768.jpg,false,https://www.idealista.com/inmueble/88322515/,2021_02_12
barrio Pedralbes,6,es,,chalet,782,Les Corts,false,25384,,false,false,,false,false,false,41.3926992,2.1110065,Barcelona,Pedralbes,false,,45,sale,true,true,,4600000.0,5502.0,88553139,chalet,Barcelona,8,false,836.0,renew,"Pedralbes, Barcelona",Chalet,https://img3.idealista.com/blur/WEB_LISTING/0/id.pro.es.image.master/57/1d/b3/749461318.jpg,false,https://www.idealista.com/inmueble/88553139/,2020_08_05
barrio Pedralbes,6,es,,chalet,740,Les Corts,false,25384,,false,false,,false,false,false,41.3926992,2.1110065,Barcelona,Pedralbes,false,,45,sale,true,true,NaN,4600000.0,5502.0,88553139,chalet,Barcelona,8,false,836.0,renew,"Pedralbes, Barcelona",Chalet,https://img3.idealista.com/blur/WEB_LISTING/0/id.pro.es.image.master/57/1d/b3/749461318.jpg,false,https://www.idealista.com/inmueble/88553139/,2020_09_04
La Miranda - Ciutat Diagonal,5,es,independantHouse,chalet,3145,La Miranda - Ciutat Diagonal,false,11054,,false,false,,false,false,false,41.3875563,2.0873353,Esplugues de Llobregat,,false,,45,sale,true,true,NaN,1050000.0,3633.0,88654186,chalet,Barcelona,8,false,289.0,good,"La Miranda - Ciutat Diagonal, Esplugues de Llobregat",Casa independiente,https://img3.idealista.com/blur/WEB_LISTING/0/id.pro.es.image.master/4e/38/42/751965128.jpg,false,https://www.idealista.com/inmueble/88654186/,2020_08_04
balmes,2,es,,flat,370,Eixample,true,BALMES - Diputació,4,false,false,true,true,false,true,41.3872072,2.1655641,Barcelona,La Dreta de l'Eixample,false,,40,sale,,,,978000.0,3747.0,88707664,flat,Barcelona,8,false,261.0,renew,"La Dreta de l'Eixample, Barcelona",Piso en balmes,https://img3.idealista.com/blur/WEB_LISTING/0/id.pro.es.image.master/56/a5/4a/823451933.jpg,false,https://www.idealista.com/inmueble/88707664/,2021_02_12
balmes,2,es,,flat,370,Eixample,true,BALMES - Diputació,4,false,false,true,true,false,true,41.3872072,2.1655641,Barcelona,La Dreta de l'Eixample,false,,37,sale,,,NaN,978000.0,3747.0,88707664,flat,Barcelona,8,false,261.0,renew,"La Dreta de l'Eixample, Barcelona",Piso en balmes,https://img3.idealista.com/blur/WEB_LISTING/0/id.pro.es.image.master/47/34/4a/823451931.jpg,false,https://www.idealista.com/inmueble/88707664/,2021_03_09
Calle Balmes,2,es,,flat,396,Eixample,true,V2024-R (H),4,false,false,true,false,false,true,41.3891072,2.1661641,Barcelona,La Dreta de l'Eixample,false,,29,sale,,,,980000.0,4066.0,88711482,flat,Barcelona,8,false,241.0,renew,"La Dreta de l'Eixample, Barcelona",Piso en Calle Balmes,https://img3.idealista.com/blur/WEB_LISTING/0/id.pro.es.image.master/51/c9/12/753341127.jpg,false,https://www.idealista.com/inmueble/88711482/,2021_02_12
Calle Balmes,2,es,,flat,396,Eixample,true,V2024-R (H),4,false,false,true,false,false,true,41.3891072,2.1661641,Barcelona,La Dreta de l'Eixample,false,,29,sale,,,NaN,980000.0,4066.0,88711482,flat,Barcelona,8,false,241.0,renew,"La Dreta de l'Eixample, Barcelona",Piso en Calle Balmes,https://img3.idealista.com/blur/WEB_LISTING/0/id.pro.es.image.master/51/c9/12/753341127.jpg,false,https://www.idealista.com/inmueble/88711482/,2021_03_09
Valldoreix,4,es,independantHouse,chalet,2784,Valldoreix,false,W-02EE39,,false,false,,false,false,false,41.4558,2.0579,Sant Cugat del Vallès,,false,,60,sale,true,true,,954450.0,1335.0,88857463,chalet,Barcelona,11,false,715.0,good,"Valldoreix, Sant Cugat del Vallès",Casa independiente,https://img3.idealista.com/blur/WEB_LISTING/0/id.pro.es.image.master/61/11/19/795620326.jpg,false,https://www.idealista.com/inmueble/88857463/,2020_06_04
Valldoreix,4,es,independantHouse,chalet,1759,Valldoreix,false,W-02EE39,,false,false,,false,false,false,41.4558,2.0579,Sant Cugat del Vallès,,false,,60,sale,true,true,NaN,954450.0,1335.0,88857463,chalet,Barcelona,11,false,715.0,good,"Valldoreix, Sant Cugat del Vallès",Casa independiente,https://img3.idealista.com/blur/WEB_LISTING/0/id.pro.es.image.master/61/11/19/795620326.jpg,false,https://www.idealista.com/inmueble/88857463/,2020_08_30
Avenida del Tibidabo,8,es,,chalet,517,Sarrià-Sant Gervasi,false,BCN648,bj,false,false,,true,false,true,41.4137088,2.1320765,Barcelona,Sant Gervasi - La Bonanova,false,,48,sale,true,true,NaN,5600000.0,7245.0,89131054,chalet,Barcelona,11,false,773.0,good,"Sant Gervasi - La Bonanova, Barcelona",Chalet en Avenida del Tibidabo,https://img3.idealista.com/blur/WEB_LISTING/0/id.pro.es.image.master/e0/44/4f/840622681.jpg,false,https://www.idealista.com/inmueble/89131054/,2020_01_30
Avenida del Tibidabo,8,es,,chalet,743,Sarrià-Sant Gervasi,false,BCN648,bj,false,false,,true,false,true,41.4137088,2.1320765,Barcelona,Sant Gervasi - La Bonanova,false,,48,sale,true,true,NaN,5600000.0,7245.0,89131054,chalet,Barcelona,11,false,773.0,good,"Sant Gervasi - La Bonanova, Barcelona",Chalet en Avenida del Tibidabo,https://img3.idealista.com/blur/WEB_LISTING/0/id.pro.es.image.master/e0/44/4f/840622681.jpg,false,https://www.idealista.com/inmueble/89131054/,2020_02_11
Avenida del Tibidabo,8,es,,chalet,800,Sarrià-Sant Gervasi,false,BCN648,bj,false,false,,true,false,true,41.4137088,2.1320765,Barcelona,Sant Gervasi - La Bonanova,false,,48,sale,true,true,,5600000.0,7245.0,89131054,chalet,Barcelona,11,false,773.0,good,"Sant Gervasi - La Bonanova, Barcelona",Chalet en Avenida del Tibidabo,https://img3.idealista.com/blur/WEB_LISTING/0/id.pro.es.image.master/e0/44/4f/840622681.jpg,false,https://www.idealista.com/inmueble/89131054/,2020_05_29
Avenida del Tibidabo,8,es,,chalet,250,Sarrià-Sant Gervasi,false,BCN648,bj,false,false,,true,false,true,41.4137088,2.1320765,Barcelona,Sant Gervasi - La Bonanova,false,,48,sale,true,true,NaN,5600000.0,7245.0,89131054,chalet,Barcelona,11,false,773.0,good,"Sant Gervasi - La Bonanova, Barcelona",Chalet en Avenida del Tibidabo,https://img3.idealista.com/blur/WEB_LISTING/0/id.pro.es.image.master/e0/44/4f/840622681.jpg,false,https://www.idealista.com/inmueble/89131054/,2020_05_31
Avenida del Tibidabo,8,es,,chalet,2521,Sarrià-Sant Gervasi,false,BCN648,bj,false,false,,true,false,true,41.4137088,2.1320765,Barcelona,Sant Gervasi - La Bonanova,false,,48,sale,true,true,NaN,5600000.0,7245.0,89131054,chalet,Barcelona,11,false,773.0,good,"Sant Gervasi - La Bonanova, Barcelona",Chalet en Avenida del Tibidabo,https://img3.idealista.com/blur/WEB_LISTING/0/id.pro.es.image.master/e0/44/4f/840622681.jpg,false,https://www.idealista.com/inmueble/89131054/,2020_07_29
Avenida del Tibidabo,8,es,,chalet,388,Sarrià-Sant Gervasi,false,BCN648,bj,false,false,,true,false,true,41.4137088,2.1320765,Barcelona,Sant Gervasi - La Bonanova,false,,48,sale,true,true,NaN,5600000.0,7245.0,89131054,chalet,Barcelona,11,false,773.0,good,"Sant Gervasi - La Bonanova, Barcelona",Chalet en Avenida del Tibidabo,https://img3.idealista.com/blur/WEB_LISTING/0/id.pro.es.image.master/e0/44/4f/840622681.jpg,false,https://www.idealista.com/inmueble/89131054/,2020_08_03
Avenida del Tibidabo,8,es,,chalet,596,Sarrià-Sant Gervasi,false,BCN648,bj,false,false,,true,false,true,41.4137088,2.1320765,Barcelona,Sant Gervasi - La Bonanova,false,,48,sale,true,true,,5600000.0,7245.0,89131054,chalet,Barcelona,11,false,773.0,good,"Sant Gervasi - La Bonanova, Barcelona",Chalet en Avenida del Tibidabo,https://img3.idealista.com/blur/WEB_LISTING/0/id.pro.es.image.master/e0/44/4f/840622681.jpg,false,https://www.idealista.com/inmueble/89131054/,2020_08_09
Avenida del Tibidabo,8,es,,chalet,817,Sarrià-Sant Gervasi,false,BCN648,bj,false,false,,true,false,true,41.4137088,2.1320765,Barcelona,Sant Gervasi - La Bonanova,false,,48,sale,true,true,NaN,5600000.0,7245.0,89131054,chalet,Barcelona,11,false,773.0,good,"Sant Gervasi - La Bonanova, Barcelona",Chalet en Avenida del Tibidabo,https://img3.idealista.com/blur/WEB_LISTING/0/id.pro.es.image.master/e0/44/4f/840622681.jpg,false,https://www.idealista.com/inmueble/89131054/,2020_11_17
barrio Sarrià,6,es,,chalet,560,Sarrià-Sant Gervasi,false,VB1810042-1,,false,false,,true,false,true,41.4023037,2.1226093,Barcelona,Sarrià,false,,42,sale,true,true,NaN,3900000.0,7156.0,89228498,chalet,Barcelona,9,false,545.0,good,"Sarrià, Barcelona",Chalet,https://img3.idealista.com/blur/WEB_LISTING/0/id.pro.es.image.master/71/b2/76/786152920.jpg,false,https://www.idealista.com/inmueble/89228498/,2020_01_10
barrio Sarrià,6,es,,chalet,531,Sarrià-Sant Gervasi,false,VB1810042-1,,false,false,,true,false,true,41.4023037,2.1226093,Barcelona,Sarrià,false,,42,sale,true,true,NaN,3900000.0,7156.0,89228498,chalet,Barcelona,9,false,545.0,good,"Sarrià, Barcelona",Chalet,https://img3.idealista.com/blur/WEB_LISTING/0/id.pro.es.image.master/71/b2/76/786152920.jpg,false,https://www.idealista.com/inmueble/89228498/,2020_12_04
barrio Sarrià,6,es,,chalet,297,Sarrià-Sant Gervasi,false,VB1810042-1,,false,false,,true,false,true,41.4023037,2.1226093,Barcelona,Sarrià,false,,42,sale,true,true,NaN,3900000.0,7156.0,89228498,chalet,Barcelona,9,false,545.0,good,"Sarrià, Barcelona",Chalet,https://img3.idealista.com/blur/WEB_LISTING/0/id.pro.es.image.master/71/b2/76/786152920.jpg,false,https://www.idealista.com/inmueble/89228498/,2020_12_12
"Calle de Balmes, 28",2,es,,flat,467,Eixample,true,264385,1,false,false,true,false,false,true,41.3879913,2.1645597,Barcelona,La Dreta de l'Eixample,false,,31,sale,,,,990000.0,3882.0,89915364,flat,Barcelona,9,true,255.0,good,"La Dreta de l'Eixample, Barcelona","Piso en Calle de Balmes, 28",https://img3.idealista.com/blur/WEB_LISTING/0/id.pro.es.image.master/e9/ee/22/779233574.jpg,false,https://www.idealista.com/inmueble/89915364/,2021_02_12
Golf,10,es,castillo,countryHouse,2640,Golf,false,S5,,false,false,,false,false,false,41.4590692,2.0883896,Sant Cugat del Vallès,,false,,30,sale,,,,3500000.0,1750.0,90723562,countryHouse,Barcelona,10,false,2000.0,good,"Golf, Sant Cugat del Vallès",Castillo,https://img3.idealista.com/blur/WEB_LISTING/0/id.pro.es.image.master/45/b6/73/797008770.jpg,false,https://www.idealista.com/inmueble/90723562/,2020_06_04
Golf,10,es,castillo,countryHouse,841,Golf,false,S5,,false,false,,false,false,false,41.4590692,2.0883896,Sant Cugat del Vallès,,false,,30,sale,,,NaN,3500000.0,1750.0,90723562,countryHouse,Barcelona,10,false,2000.0,good,"Golf, Sant Cugat del Vallès",Castillo,https://img3.idealista.com/blur/WEB_LISTING/0/id.pro.es.image.master/45/b6/73/797008770.jpg,false,https://www.idealista.com/inmueble/90723562/,2020_08_30
barrio La Dreta de l'Eixample,3,es,,flat,273,Eixample,false,W-02IABA,5,false,false,true,false,false,false,41.3864261,2.1668176,Barcelona,La Dreta de l'Eixample,false,,38,sale,,,,950000.0,3711.0,90891480,flat,Barcelona,9,false,256.0,good,"La Dreta de l'Eixample, Barcelona",Piso,https://img3.idealista.com/blur/WEB_LISTING/0/id.pro.es.image.master/ed/2b/ba/801305052.jpg,false,https://www.idealista.com/inmueble/90891480/,2021_02_12
barrio Vallvidrera - El Tibidabo i les Planes,9,es,independantHouse,chalet,2817,Sarrià-Sant Gervasi,false,W-021PGS,,false,false,,false,false,false,41.406304,2.1099272,Barcelona,Vallvidrera - El Tibidabo i les Planes,false,,32,sale,true,true,,4950000.0,7174.0,91022564,chalet,Barcelona,8,false,690.0,good,"Vallvidrera - El Tibidabo i les Planes, Barcelona",Casa independiente,https://img3.idealista.com/blur/WEB_LISTING/0/id.pro.es.image.master/f2/f2/d5/805053137.jpg,false,https://www.idealista.com/inmueble/91022564/,2020_01_23
Calle Balmes,2,es,,flat,389,Eixample,true,VK.BALMES,3,false,false,true,false,false,false,41.3859072,2.1655641,Barcelona,La Dreta de l'Eixample,false,,31,sale,,,,980000.0,3740.0,91092084,flat,Barcelona,10,false,262.0,renew,"La Dreta de l'Eixample, Barcelona",Piso en Calle Balmes,https://img3.idealista.com/blur/WEB_LISTING/0/id.pro.es.image.master/47/0a/b5/806570947.jpg,false,https://www.idealista.com/inmueble/91092084/,2021_02_12
Calle Balmes,2,es,,flat,389,Eixample,true,VK.BALMES,3,false,false,true,false,false,false,41.3859072,2.1655641,Barcelona,La Dreta de l'Eixample,false,,31,sale,,,NaN,980000.0,3740.0,91092084,flat,Barcelona,10,false,262.0,renew,"La Dreta de l'Eixample, Barcelona",Piso en Calle Balmes,https://img3.idealista.com/blur/WEB_LISTING/0/id.pro.es.image.master/47/0a/b5/806570947.jpg,false,https://www.idealista.com/inmueble/91092084/,2021_03_09
El Gall,7,es,independantHouse,chalet,3126,El Gall,false,2064Bis,,false,false,,true,false,false,41.3728219,2.0833292,Esplugues de Llobregat,,false,,48,sale,true,true,NaN,1545000.0,2323.0,91153472,chalet,Barcelona,8,false,665.0,good,"El Gall, Esplugues de Llobregat",Casa independiente,https://img3.idealista.com/blur/WEB_LISTING/0/id.pro.es.image.master/c6/27/cc/807997702.jpg,false,https://www.idealista.com/inmueble/91153472/,2020_06_17
El Gall,7,es,independantHouse,chalet,2609,El Gall,false,2064Bis,,false,false,,true,false,false,41.3728219,2.0833292,Esplugues de Llobregat,,false,,48,sale,true,true,NaN,1545000.0,2323.0,91153472,chalet,Barcelona,8,false,665.0,good,"El Gall, Esplugues de Llobregat",Casa independiente,https://img3.idealista.com/blur/WEB_LISTING/0/id.pro.es.image.master/c6/27/cc/807997702.jpg,false,https://www.idealista.com/inmueble/91153472/,2020_08_04
barrio Sant Genís Dels Agudells - Montbau,3,es,independantHouse,chalet,2366,Horta Guinardó,false,W-02IE5Y,,false,false,,true,false,false,41.43536,2.13737,Barcelona,Sant Genís Dels Agudells - Montbau,false,,37,sale,true,true,NaN,795000.0,2677.0,91224565,chalet,Barcelona,10,false,297.0,renew,"Sant Genís Dels Agudells - Montbau, Barcelona",Casa independiente,https://img3.idealista.com/blur/WEB_LISTING/0/id.pro.es.image.master/91/d5/df/809555866.jpg,false,https://www.idealista.com/inmueble/91224565/,2020_02_16
barrio La Dreta de l'Eixample,2,es,,flat,333,Eixample,false,J220,3,false,false,true,false,false,false,41.3884072,2.1664641,Barcelona,La Dreta de l'Eixample,false,,39,sale,,,,978000.0,3820.0,91231745,flat,Barcelona,10,false,256.0,renew,"La Dreta de l'Eixample, Barcelona",Piso,https://img3.idealista.com/blur/WEB_LISTING/0/id.pro.es.image.master/7e/cf/c9/809746680.jpg,false,https://www.idealista.com/inmueble/91231745/,2021_02_12
barrio La Dreta de l'Eixample,2,es,,flat,333,Eixample,false,J220,3,false,false,true,false,false,false,41.3884072,2.1664641,Barcelona,La Dreta de l'Eixample,false,,39,sale,,,NaN,978000.0,3820.0,91231745,flat,Barcelona,10,false,256.0,renew,"La Dreta de l'Eixample, Barcelona",Piso,https://img3.idealista.com/blur/WEB_LISTING/0/id.pro.es.image.master/7e/cf/c9/809746680.jpg,false,https://www.idealista.com/inmueble/91231745/,2021_03_09
Passatge Vall d'Or,5,es,,chalet,2932,Valldoreix,false,VSC2008005-3,,false,false,,false,false,true,41.4568386,2.0567838,Sant Cugat del Vallès,,false,,27,sale,true,true,,955000.0,287.0,91521602,chalet,Barcelona,9,false,3330.0,good,"Valldoreix, Sant Cugat del Vallès",Chalet en Passatge Vall d'Or,https://img3.idealista.com/blur/WEB_LISTING/0/id.pro.es.image.master/0c/e6/53/816561027.jpg,false,https://www.idealista.com/inmueble/91521602/,2020_03_03
Passatge Vall d'Or,5,es,,chalet,2932,Valldoreix,false,VSC2008005-3,,false,false,,false,false,true,41.4568386,2.0567838,Sant Cugat del Vallès,,false,,27,sale,true,true,,955000.0,287.0,91521602,chalet,Barcelona,9,false,3330.0,good,"Valldoreix, Sant Cugat del Vallès",Chalet en Passatge Vall d'Or,https://img3.idealista.com/blur/WEB_LISTING/0/id.pro.es.image.master/0c/e6/53/816561027.jpg,false,https://www.idealista.com/inmueble/91521602/,2020_06_04
Passatge Vall d'Or,5,es,,chalet,1853,Valldoreix,false,VSC2008005-3,,false,false,,false,false,true,41.4568386,2.0567838,Sant Cugat del Vallès,,false,,27,sale,true,true,NaN,955000.0,287.0,91521602,chalet,Barcelona,9,false,3330.0,good,"Valldoreix, Sant Cugat del Vallès",Chalet en Passatge Vall d'Or,https://img3.idealista.com/blur/WEB_LISTING/0/id.pro.es.image.master/0c/e6/53/816561027.jpg,false,https://www.idealista.com/inmueble/91521602/,2020_08_30
Passatge Vall d'Or,5,es,,chalet,2301,Valldoreix,false,VSC2008005-3,,false,false,,false,false,true,41.4568386,2.0567838,Sant Cugat del Vallès,,false,,27,sale,true,true,,955000.0,287.0,91521602,chalet,Barcelona,9,false,3330.0,good,"Valldoreix, Sant Cugat del Vallès",Chalet en Passatge Vall d'Or,https://img3.idealista.com/blur/WEB_LISTING/0/id.pro.es.image.master/0c/e6/53/816561027.jpg,false,https://www.idealista.com/inmueble/91521602/,2021_02_14
rambla s/n,2,es,independantHouse,chalet,1467,Centre - Casco Antiguo,false,397,,false,false,,true,false,true,41.3474579,2.0418653,Sant Boi de Llobregat,,false,,59,sale,true,true,NaN,404000.0,1154.0,91573302,chalet,Barcelona,8,true,350.0,good,"Centre - Casco Antiguo, Sant Boi de Llobregat",Casa independiente en rambla s/n,https://img3.idealista.com/blur/WEB_LISTING/0/id.pro.es.image.master/fc/5d/1e/817909101.jpg,false,https://www.idealista.com/inmueble/91573302/,2020_03_05
rambla s/n,2,es,independantHouse,chalet,1370,Centre - Casco Antiguo,false,CASA ST BOI,,false,false,,true,false,true,41.3474579,2.0418653,Sant Boi de Llobregat,,false,,59,sale,true,true,NaN,445000.0,1271.0,91573302,chalet,Barcelona,8,true,350.0,good,"Centre - Casco Antiguo, Sant Boi de Llobregat",Casa independiente en rambla s/n,https://img3.idealista.com/blur/WEB_LISTING/0/id.pro.es.image.master/fc/5d/1e/817909101.jpg,false,https://www.idealista.com/inmueble/91573302/,2020_03_19
rambla s/n,2,es,independantHouse,chalet,1467,Centre - Casco Antiguo,false,CASA ST BOI,,false,false,,true,false,true,41.3474579,2.0418653,Sant Boi de Llobregat,,false,,59,sale,true,true,NaN,445000.0,1271.0,91573302,chalet,Barcelona,8,true,350.0,good,"Centre - Casco Antiguo, Sant Boi de Llobregat",Casa independiente en rambla s/n,https://img3.idealista.com/blur/WEB_LISTING/0/id.pro.es.image.master/fc/5d/1e/817909101.jpg,false,https://www.idealista.com/inmueble/91573302/,2020_05_08
rambla s/n,2,es,independantHouse,chalet,1370,Centre - Casco Antiguo,false,CASA ST BOI,,false,false,,true,false,true,41.3474579,2.0418653,Sant Boi de Llobregat,,false,,59,sale,true,true,NaN,445000.0,1271.0,91573302,chalet,Barcelona,8,true,350.0,good,"Centre - Casco Antiguo, Sant Boi de Llobregat",Casa independiente en rambla s/n,https://img3.idealista.com/blur/WEB_LISTING/0/id.pro.es.image.master/fc/5d/1e/817909101.jpg,false,https://www.idealista.com/inmueble/91573302/,2020_06_17
rambla s/n,2,es,independantHouse,chalet,1467,Centre - Casco Antiguo,false,CASA ST BOI,,false,false,,true,false,true,41.3474579,2.0418653,Sant Boi de Llobregat,,false,,59,sale,true,true,NaN,445000.0,1271.0,91573302,chalet,Barcelona,8,true,350.0,good,"Centre - Casco Antiguo, Sant Boi de Llobregat",Casa independiente en rambla s/n,https://img3.idealista.com/blur/WEB_LISTING/0/id.pro.es.image.master/fc/5d/1e/817909101.jpg,false,https://www.idealista.com/inmueble/91573302/,2020_10_30
Calle de Balmes,2,es,,flat,433,Eixample,true,Leb-5004,bj,false,false,true,true,false,true,41.3897072,2.1662641,Barcelona,La Dreta de l'Eixample,false,,35,sale,,,,978000.0,3733.0,91608968,flat,Barcelona,10,false,262.0,renew,"La Dreta de l'Eixample, Barcelona",Piso en Calle de Balmes,https://img3.idealista.com/blur/WEB_LISTING/0/id.pro.es.image.master/01/52/82/818898222.jpg,false,https://www.idealista.com/inmueble/91608968/,2021_02_12
Sant Just Desvern,4,es,,chalet,1951,,false,VB2009003-4,,false,false,,true,false,true,41.38444,2.0735243,Sant Just Desvern,,false,,35,sale,true,true,NaN,1300000.0,2626.0,91612510,chalet,Barcelona,10,false,495.0,renew,Sant Just Desvern,Chalet,https://img3.idealista.com/blur/WEB_LISTING/0/id.pro.es.image.master/f9/70/f4/819006707.jpg,false,https://www.idealista.com/inmueble/91612510/,2020_08_04
Centre,4,es,,chalet,2216,Centre,false,VB2009003-4,,false,false,,true,false,true,41.38444,2.0735243,Sant Just Desvern,,false,,35,sale,true,true,NaN,1300000.0,2626.0,91612510,chalet,Barcelona,10,false,495.0,renew,"Centre, Sant Just Desvern",Chalet,https://img3.idealista.com/blur/WEB_LISTING/0/id.pro.es.image.master/f9/70/f4/819006707.jpg,false,https://www.idealista.com/inmueble/91612510/,2021_01_03
Calle de Sant Antoni Abat,4,es,,flat,337,Ciutat Vella,true,SE-40665,2,false,false,true,true,false,true,41.3779211,2.1648076,Barcelona,El Raval,false,,33,sale,,,NaN,880000.0,4757.0,91627999,flat,Barcelona,8,false,185.0,good,"El Raval, Barcelona",Piso en Calle de Sant Antoni Abat,https://img3.idealista.com/blur/WEB_LISTING/0/id.pro.es.image.master/3d/7e/2c/819404388.jpg,false,https://www.idealista.com/inmueble/91627999/,2020_07_19
Calle de Sant Antoni Abat,4,es,,flat,851,Ciutat Vella,true,SE-40665,2,false,false,true,true,false,true,41.3779211,2.1648076,Barcelona,El Raval,false,,33,sale,,,NaN,880000.0,4757.0,91627999,flat,Barcelona,8,false,185.0,good,"El Raval, Barcelona",Piso en Calle de Sant Antoni Abat,https://img3.idealista.com/blur/WEB_LISTING/0/id.pro.es.image.master/3d/7e/2c/819404388.jpg,false,https://www.idealista.com/inmueble/91627999/,2021_01_25
Calle de Balmes,2,es,,flat,331,Eixample,true,3184,2,false,false,true,false,false,false,41.3874072,2.1660641,Barcelona,La Dreta de l'Eixample,false,,27,sale,,,,950000.0,3654.0,91640778,flat,Barcelona,8,false,260.0,renew,"La Dreta de l'Eixample, Barcelona",Piso en Calle de Balmes,https://img3.idealista.com/blur/WEB_LISTING/0/id.pro.es.image.master/99/a3/5a/819686018.jpg,false,https://www.idealista.com/inmueble/91640778/,2021_02_12
Balmes,2,es,,flat,459,Eixample,true,9061TApiBal,4,false,false,true,true,false,false,41.3892049,2.1653355,Barcelona,La Dreta de l'Eixample,false,,40,sale,,,,978000.0,3733.0,91651880,flat,Barcelona,10,false,262.0,renew,"La Dreta de l'Eixample, Barcelona",Piso en Balmes,https://img3.idealista.com/blur/WEB_LISTING/0/id.pro.es.image.master/8f/c0/18/819960152.jpg,false,https://www.idealista.com/inmueble/91651880/,2021_02_12
Balmes,2,es,,flat,459,Eixample,true,9061TApiBal,4,false,false,true,true,false,false,41.3892049,2.1653355,Barcelona,La Dreta de l'Eixample,false,,40,sale,,,NaN,978000.0,3733.0,91651880,flat,Barcelona,10,false,262.0,renew,"La Dreta de l'Eixample, Barcelona",Piso en Balmes,https://img3.idealista.com/blur/WEB_LISTING/0/id.pro.es.image.master/8f/c0/18/819960152.jpg,false,https://www.idealista.com/inmueble/91651880/,2021_03_09
barrio La Dreta de l'Eixample,2,es,,flat,197,Eixample,true,ANUN_11189_DM,1,false,false,true,false,false,false,41.3852489,2.1696097,Barcelona,La Dreta de l'Eixample,false,,73,sale,,,,3480000.0,8878.0,91695120,flat,Barcelona,10,false,392.0,good,"La Dreta de l'Eixample, Barcelona",Piso,https://img3.idealista.com/blur/WEB_LISTING/0/id.pro.es.image.master/d2/7a/b4/822906906.jpg,false,https://www.idealista.com/inmueble/91695120/,2021_02_12
barrio La Dreta de l'Eixample,2,es,,flat,197,Eixample,true,ANUN_11189_DM,1,false,false,true,false,false,false,41.3852489,2.1696097,Barcelona,La Dreta de l'Eixample,false,,73,sale,,,NaN,3480000.0,8878.0,91695120,flat,Barcelona,10,false,392.0,good,"La Dreta de l'Eixample, Barcelona",Piso,https://img3.idealista.com/blur/WEB_LISTING/0/id.pro.es.image.master/d2/7a/b4/822906906.jpg,false,https://www.idealista.com/inmueble/91695120/,2021_03_09
Calle Balmes,2,es,,flat,482,Eixample,true,BALMES,4,false,false,true,false,false,false,41.3860072,2.1643641,Barcelona,La Dreta de l'Eixample,false,,35,sale,,,,978000.0,3733.0,91700440,flat,Barcelona,10,false,262.0,renew,"La Dreta de l'Eixample, Barcelona",Piso en Calle Balmes,https://img3.idealista.com/blur/WEB_LISTING/0/id.pro.es.image.master/79/a9/0a/821140061.jpg,false,https://www.idealista.com/inmueble/91700440/,2021_02_12
Calle Balmes,2,es,,flat,482,Eixample,true,BALMES,4,false,false,true,false,false,false,41.3860072,2.1643641,Barcelona,La Dreta de l'Eixample,false,,35,sale,,,NaN,978000.0,3733.0,91700440,flat,Barcelona,10,false,262.0,renew,"La Dreta de l'Eixample, Barcelona",Piso en Calle Balmes,https://img3.idealista.com/blur/WEB_LISTING/0/id.pro.es.image.master/f3/90/30/821140091.jpg,false,https://www.idealista.com/inmueble/91700440/,2021_03_09
barrio Pedralbes,6,es,duplex,flat,337,Les Corts,true,1201,5,false,false,true,false,false,false,41.3932064,2.117372,Barcelona,Pedralbes,false,,23,sale,,,,2500000.0,5593.0,91761127,duplex,Barcelona,8,false,447.0,renew,"Pedralbes, Barcelona",Dúplex,https://img3.idealista.com/blur/WEB_LISTING/0/id.pro.es.image.master/0c/7c/7c/855270141.jpg,false,https://www.idealista.com/inmueble/91761127/,2020_08_05
barrio Pedralbes,6,es,duplex,flat,341,Les Corts,true,1201,5,false,false,true,false,false,false,41.3932064,2.117372,Barcelona,Pedralbes,false,,23,sale,,,NaN,2500000.0,5593.0,91761127,duplex,Barcelona,8,false,447.0,renew,"Pedralbes, Barcelona",Dúplex,https://img3.idealista.com/blur/WEB_LISTING/0/id.pro.es.image.master/0c/7c/7c/855270141.jpg,false,https://www.idealista.com/inmueble/91761127/,2020_09_04
barrio La Dreta de l'Eixample,2,es,,flat,428,Eixample,false,13106-OB,3,false,false,true,false,false,false,41.3870072,2.1648641,Barcelona,La Dreta de l'Eixample,false,,37,sale,,,,978000.0,3733.0,91765687,flat,Barcelona,10,false,262.0,good,"La Dreta de l'Eixample, Barcelona",Piso,https://img3.idealista.com/blur/WEB_LISTING/0/id.pro.es.image.master/23/3a/ec/822754046.jpg,false,https://www.idealista.com/inmueble/91765687/,2021_02_12
barrio La Dreta de l'Eixample,2,es,,flat,428,Eixample,false,13106-OB,3,false,false,true,false,false,false,41.3870072,2.1648641,Barcelona,La Dreta de l'Eixample,false,,37,sale,,,NaN,978000.0,3733.0,91765687,flat,Barcelona,10,false,262.0,good,"La Dreta de l'Eixample, Barcelona",Piso,https://img3.idealista.com/blur/WEB_LISTING/0/id.pro.es.image.master/23/3a/ec/822754046.jpg,false,https://www.idealista.com/inmueble/91765687/,2021_03_09
Valldoreix,5,es,,chalet,2789,Valldoreix,false,VSC2002010-5,,false,false,,false,false,true,41.4544206,2.0557409,Sant Cugat del Vallès,,false,,54,sale,true,true,,1590750.0,2678.0,91784790,chalet,Barcelona,9,false,594.0,good,"Valldoreix, Sant Cugat del Vallès",Chalet,https://img3.idealista.com/blur/WEB_LISTING/0/id.pro.es.image.master/4c/a7/b5/823217990.jpg,false,https://www.idealista.com/inmueble/91784790/,2020_06_04
Valldoreix,5,es,,chalet,1949,Valldoreix,false,VSC2002010-5,,false,false,,false,false,true,41.4544206,2.0557409,Sant Cugat del Vallès,,false,,54,sale,true,true,NaN,1590750.0,2678.0,91784790,chalet,Barcelona,9,false,594.0,good,"Valldoreix, Sant Cugat del Vallès",Chalet,https://img3.idealista.com/blur/WEB_LISTING/0/id.pro.es.image.master/4c/a7/b5/823217990.jpg,false,https://www.idealista.com/inmueble/91784790/,2020_08_30
Can Matas,7,es,,chalet,2153,Can Matas,false,VSC2003002-5,,false,false,,true,false,true,41.4718127,2.0635986,Sant Cugat del Vallès,,false,,32,sale,true,true,NaN,1990000.0,2535.0,91784793,chalet,Barcelona,9,false,785.0,good,"Can Matas, Sant Cugat del Vallès",Chalet,https://img3.idealista.com/blur/WEB_LISTING/0/id.pro.es.image.master/13/9a/e3/823218035.jpg,false,https://www.idealista.com/inmueble/91784793/,2020_08_29
Can Matas,7,es,,chalet,2153,Can Matas,false,VSC2003002-5,,false,false,,true,false,true,41.4718127,2.0635986,Sant Cugat del Vallès,,false,,32,sale,true,true,NaN,1990000.0,2535.0,91784793,chalet,Barcelona,9,false,785.0,good,"Can Matas, Sant Cugat del Vallès",Chalet,https://img3.idealista.com/blur/WEB_LISTING/0/id.pro.es.image.master/13/9a/e3/823218035.jpg,false,https://www.idealista.com/inmueble/91784793/,2020_08_30
barrio Pedralbes,6,es,duplex,flat,804,Les Corts,true,1204,5,false,false,true,true,false,false,41.3923064,2.117372,Barcelona,Pedralbes,false,,9,sale,,,NaN,2500000.0,5593.0,91797141,duplex,Barcelona,8,false,447.0,renew,"Pedralbes, Barcelona",Dúplex,https://img3.idealista.com/blur/WEB_LISTING/0/id.pro.es.image.master/e6/5f/a4/840921001.jpg,false,https://www.idealista.com/inmueble/91797141/,2020_01_13
barrio Pedralbes,6,es,duplex,flat,427,Les Corts,true,1204,5,false,false,true,true,false,false,41.3923064,2.117372,Barcelona,Pedralbes,false,,9,sale,,,,2500000.0,5593.0,91797141,duplex,Barcelona,8,false,447.0,renew,"Pedralbes, Barcelona",Dúplex,https://img3.idealista.com/blur/WEB_LISTING/0/id.pro.es.image.master/e6/5f/a4/840921001.jpg,false,https://www.idealista.com/inmueble/91797141/,2020_08_05
barrio Pedralbes,6,es,duplex,flat,783,Les Corts,true,1204,5,false,false,true,true,false,false,41.3923064,2.117372,Barcelona,Pedralbes,false,,9,sale,,,,2500000.0,5593.0,91797141,duplex,Barcelona,8,false,447.0,renew,"Pedralbes, Barcelona",Dúplex,https://img3.idealista.com/blur/WEB_LISTING/0/id.pro.es.image.master/e6/5f/a4/840921001.jpg,false,https://www.idealista.com/inmueble/91797141/,2020_08_15
barrio Pedralbes,6,es,duplex,flat,259,Les Corts,true,1204,5,false,false,true,true,false,false,41.3923064,2.117372,Barcelona,Pedralbes,false,,9,sale,,,NaN,2500000.0,5593.0,91797141,duplex,Barcelona,8,false,447.0,renew,"Pedralbes, Barcelona",Dúplex,https://img3.idealista.com/blur/WEB_LISTING/0/id.pro.es.image.master/e6/5f/a4/840921001.jpg,false,https://www.idealista.com/inmueble/91797141/,2020_09_04
barrio Collblanc,11,es,terracedHouse,chalet,325,Collblanc,false,244387,bj,false,false,,false,false,false,41.3689026,2.1180411,Hospitalet de Llobregat,Collblanc,false,,13,sale,,,NaN,600000.0,1667.0,91807595,chalet,Barcelona,11,false,360.0,good,"Collblanc, Hospitalet de Llobregat",Chalet adosado,https://img3.idealista.com/blur/WEB_LISTING/0/id.pro.es.image.master/da/59/57/823784173.jpg,false,https://www.idealista.com/inmueble/91807595/,2020_04_06
barrio Collblanc,11,es,terracedHouse,chalet,264,Collblanc,false,244387,bj,false,false,,false,false,false,41.3689026,2.1180411,Hospitalet de Llobregat,Collblanc,false,,13,sale,,,NaN,600000.0,1667.0,91807595,chalet,Barcelona,11,false,360.0,good,"Collblanc, Hospitalet de Llobregat",Chalet adosado,https://img3.idealista.com/blur/WEB_LISTING/0/id.pro.es.image.master/da/59/57/823784173.jpg,false,https://www.idealista.com/inmueble/91807595/,2020_04_13
barrio Collblanc,11,es,terracedHouse,chalet,1777,Collblanc,false,244387,bj,false,false,,false,false,false,41.3689026,2.1180411,Hospitalet de Llobregat,Collblanc,false,,13,sale,,,NaN,600000.0,1667.0,91807595,chalet,Barcelona,11,false,360.0,good,"Collblanc, Hospitalet de Llobregat",Chalet adosado,https://img3.idealista.com/blur/WEB_LISTING/0/id.pro.es.image.master/da/59/57/823784173.jpg,false,https://www.idealista.com/inmueble/91807595/,2020_12_07
barrio Vallvidrera - El Tibidabo i les Planes,4,es,,chalet,2412,Sarrià-Sant Gervasi,false,VB1810008-6,,false,false,,false,false,false,41.41212,2.10734,Barcelona,Vallvidrera - El Tibidabo i les Planes,false,,25,sale,true,true,,3600000.0,7347.0,91876353,chalet,Barcelona,9,false,490.0,renew,"Vallvidrera - El Tibidabo i les Planes, Barcelona",Chalet,https://img3.idealista.com/blur/WEB_LISTING/0/id.pro.es.image.master/91/9f/d0/825404795.jpg,false,https://www.idealista.com/inmueble/91876353/,2020_01_23
Calle de Balmes,2,es,,flat,301,Eixample,true,3405,2,false,false,true,false,false,false,41.3882072,2.1667641,Barcelona,La Dreta de l'Eixample,false,,25,sale,,,,950000.0,3654.0,91899066,flat,Barcelona,8,false,260.0,renew,"La Dreta de l'Eixample, Barcelona",Piso en Calle de Balmes,https://img3.idealista.com/blur/WEB_LISTING/0/id.pro.es.image.master/22/8f/c3/825966461.jpg,false,https://www.idealista.com/inmueble/91899066/,2021_02_12
Calle de Balmes,2,es,,flat,351,Eixample,false,Balmes-Diputació,3,false,false,true,false,false,false,41.3883072,2.1661641,Barcelona,La Dreta de l'Eixample,false,,43,sale,,,,978000.0,3733.0,91901812,flat,Barcelona,10,false,262.0,good,"La Dreta de l'Eixample, Barcelona",Piso en Calle de Balmes,https://img3.idealista.com/blur/WEB_LISTING/0/id.pro.es.image.master/cb/3d/f7/826045315.jpg,false,https://www.idealista.com/inmueble/91901812/,2021_02_12
Calle de Balmes,2,es,,flat,351,Eixample,false,Balmes-Diputació,3,false,false,true,false,false,false,41.3883072,2.1661641,Barcelona,La Dreta de l'Eixample,false,,43,sale,,,NaN,978000.0,3733.0,91901812,flat,Barcelona,10,false,262.0,good,"La Dreta de l'Eixample, Barcelona",Piso en Calle de Balmes,https://img3.idealista.com/blur/WEB_LISTING/0/id.pro.es.image.master/cb/3d/f7/826045315.jpg,false,https://www.idealista.com/inmueble/91901812/,2021_03_09
La Floresta - Les Planes,3,es,independantHouse,chalet,2940,La Floresta - Les Planes,false,26423,,false,false,,false,false,false,41.4646878,2.0985732,Sant Cugat del Vallès,,false,,37,sale,,,NaN,2400000.0,3409.0,91929444,chalet,Barcelona,8,false,704.0,good,"La Floresta - Les Planes, Sant Cugat del Vallès",Casa independiente,https://img3.idealista.com/blur/WEB_LISTING/0/id.pro.es.image.master/e1/28/44/850786019.jpg,false,https://www.idealista.com/inmueble/91929444/,2020_02_16
La Floresta - Les Planes,3,es,independantHouse,chalet,1880,La Floresta - Les Planes,false,26423,,false,false,,false,false,false,41.4646878,2.0985732,Sant Cugat del Vallès,,false,,37,sale,,,NaN,2400000.0,3409.0,91929444,chalet,Barcelona,8,false,704.0,good,"La Floresta - Les Planes, Sant Cugat del Vallès",Casa independiente,https://img3.idealista.com/blur/WEB_LISTING/0/id.pro.es.image.master/e1/28/44/850786019.jpg,false,https://www.idealista.com/inmueble/91929444/,2020_08_30
barrio El Camp d'En Grassot i Gràcia Nova,4,es,independantHouse,chalet,638,Gràcia,false,W-02HNSJ,,false,false,,false,false,false,41.4115447,2.1582008,Barcelona,El Camp d'En Grassot i Gràcia Nova,false,,29,sale,,,,1350000.0,4154.0,92111424,chalet,Barcelona,15,false,325.0,good,"El Camp d'En Grassot i Gràcia Nova, Barcelona",Casa independiente,https://img3.idealista.com/blur/WEB_LISTING/0/id.pro.es.image.master/45/54/34/853382956.jpg,false,https://www.idealista.com/inmueble/92111424/,2020_01_08
barrio El Camp d'En Grassot i Gràcia Nova,4,es,independantHouse,chalet,678,Gràcia,false,W-02HNSJ,,false,false,,false,false,false,41.4115447,2.1582008,Barcelona,El Camp d'En Grassot i Gràcia Nova,false,,29,sale,,,NaN,1350000.0,4154.0,92111424,chalet,Barcelona,15,false,325.0,good,"El Camp d'En Grassot i Gràcia Nova, Barcelona",Casa independiente,https://img3.idealista.com/blur/WEB_LISTING/0/id.pro.es.image.master/45/54/34/853382956.jpg,false,https://www.idealista.com/inmueble/92111424/,2020_01_28
barrio El Camp d'En Grassot i Gràcia Nova,4,es,independantHouse,chalet,299,Gràcia,false,W-02HNSJ,,false,false,,false,false,false,41.4115447,2.1582008,Barcelona,El Camp d'En Grassot i Gràcia Nova,false,,29,sale,,,NaN,1350000.0,4154.0,92111424,chalet,Barcelona,15,false,325.0,good,"El Camp d'En Grassot i Gràcia Nova, Barcelona",Casa independiente,https://img3.idealista.com/blur/WEB_LISTING/0/id.pro.es.image.master/45/54/34/853382956.jpg,false,https://www.idealista.com/inmueble/92111424/,2020_10_06
barrio El Camp d'En Grassot i Gràcia Nova,4,es,independantHouse,chalet,291,Gràcia,false,W-02HNSJ,,false,false,,false,false,false,41.4115447,2.1582008,Barcelona,El Camp d'En Grassot i Gràcia Nova,false,,29,sale,,,NaN,1350000.0,4154.0,92111424,chalet,Barcelona,15,false,325.0,good,"El Camp d'En Grassot i Gràcia Nova, Barcelona",Casa independiente,https://img3.idealista.com/blur/WEB_LISTING/0/id.pro.es.image.master/45/54/34/853382956.jpg,false,https://www.idealista.com/inmueble/92111424/,2020_10_07
barrio El Camp d'En Grassot i Gràcia Nova,4,es,independantHouse,chalet,642,Gràcia,false,W-02HNSJ,,false,false,,false,false,false,41.4115447,2.1582008,Barcelona,El Camp d'En Grassot i Gràcia Nova,false,,29,sale,,,NaN,1350000.0,4154.0,92111424,chalet,Barcelona,15,false,325.0,good,"El Camp d'En Grassot i Gràcia Nova, Barcelona",Casa independiente,https://img3.idealista.com/blur/WEB_LISTING/0/id.pro.es.image.master/45/54/34/853382956.jpg,false,https://www.idealista.com/inmueble/92111424/,2020_10_14
barrio El Camp d'En Grassot i Gràcia Nova,4,es,independantHouse,chalet,675,Gràcia,false,W-02HNSJ,,false,false,,false,false,false,41.4115447,2.1582008,Barcelona,El Camp d'En Grassot i Gràcia Nova,false,,29,sale,,,NaN,1350000.0,4154.0,92111424,chalet,Barcelona,15,false,325.0,good,"El Camp d'En Grassot i Gràcia Nova, Barcelona",Casa independiente,https://img3.idealista.com/blur/WEB_LISTING/0/id.pro.es.image.master/45/54/34/853382956.jpg,false,https://www.idealista.com/inmueble/92111424/,2021_02_04
Torreblanca - Pla del Vent,4,es,,chalet,2537,Torreblanca - Pla del Vent,false,CSANTRA16,,false,false,,false,false,false,41.3780612,2.0636943,Sant Joan Despí,,false,,50,sale,true,true,NaN,735000.0,2118.0,92222561,chalet,Barcelona,8,false,347.0,good,"Torreblanca - Pla del Vent, Sant Joan Despí",Chalet,https://img3.idealista.com/blur/WEB_LISTING/0/id.pro.es.image.master/0c/a2/d2/834044346.jpg,false,https://www.idealista.com/inmueble/92222561/,2020_06_17
Torreblanca - Pla del Vent,4,es,,chalet,945,Torreblanca - Pla del Vent,false,CSANTRA16,,false,false,,false,false,false,41.3780612,2.0636943,Sant Joan Despí,,false,,50,sale,true,true,NaN,735000.0,2118.0,92222561,chalet,Barcelona,8,false,347.0,good,"Torreblanca - Pla del Vent, Sant Joan Despí",Chalet,https://img3.idealista.com/blur/WEB_LISTING/0/id.pro.es.image.master/0c/a2/d2/834044346.jpg,false,https://www.idealista.com/inmueble/92222561/,2020_08_04
barrio Vila de Gràcia,4,es,,flat,622,Gràcia,true,BCN26639,,false,false,true,true,false,false,41.4008588,2.155351,Barcelona,Vila de Gràcia,false,,28,sale,,,,1280000.0,4183.0,92480222,flat,Barcelona,8,false,306.0,renew,"Vila de Gràcia, Barcelona",Piso,https://img3.idealista.com/blur/WEB_LISTING/0/id.pro.es.image.master/5a/37/dd/840712211.jpg,false,https://www.idealista.com/inmueble/92480222/,2020_01_08
barrio Vila de Gràcia,4,es,,flat,61,Gràcia,true,BCN26639,,false,false,true,true,false,false,41.4008588,2.155351,Barcelona,Vila de Gràcia,false,,28,sale,,,NaN,1280000.0,4183.0,92480222,flat,Barcelona,8,false,306.0,renew,"Vila de Gràcia, Barcelona",Piso,https://img3.idealista.com/blur/WEB_LISTING/0/id.pro.es.image.master/5a/37/dd/840712211.jpg,false,https://www.idealista.com/inmueble/92480222/,2020_06_03
barrio Vila de Gràcia,4,es,,flat,560,Gràcia,true,BCN26639,,false,false,true,true,false,false,41.4008588,2.155351,Barcelona,Vila de Gràcia,false,,28,sale,,,NaN,1280000.0,4183.0,92480222,flat,Barcelona,8,false,306.0,renew,"Vila de Gràcia, Barcelona",Piso,https://img3.idealista.com/blur/WEB_LISTING/0/id.pro.es.image.master/5a/37/dd/840712211.jpg,false,https://www.idealista.com/inmueble/92480222/,2020_08_07
barrio Vila de Gràcia,4,es,,flat,850,Gràcia,true,BCN26639,,false,false,true,true,false,false,41.4008588,2.155351,Barcelona,Vila de Gràcia,false,,28,sale,,,NaN,1280000.0,4183.0,92480222,flat,Barcelona,8,false,306.0,renew,"Vila de Gràcia, Barcelona",Piso,https://img3.idealista.com/blur/WEB_LISTING/0/id.pro.es.image.master/5a/37/dd/840712211.jpg,false,https://www.idealista.com/inmueble/92480222/,2020_08_26
barrio Vila de Gràcia,4,es,,flat,642,Gràcia,true,BCN26639,,false,false,true,true,false,false,41.4008588,2.155351,Barcelona,Vila de Gràcia,false,,28,sale,,,NaN,1280000.0,4183.0,92480222,flat,Barcelona,8,false,306.0,renew,"Vila de Gràcia, Barcelona",Piso,https://img3.idealista.com/blur/WEB_LISTING/0/id.pro.es.image.master/5a/37/dd/840712211.jpg,false,https://www.idealista.com/inmueble/92480222/,2020_09_20
barrio Vila de Gràcia,4,es,,flat,819,Gràcia,true,BCN26639,,false,false,true,true,false,false,41.4008588,2.155351,Barcelona,Vila de Gràcia,false,,28,sale,,,NaN,1280000.0,4183.0,92480222,flat,Barcelona,8,false,306.0,renew,"Vila de Gràcia, Barcelona",Piso,https://img3.idealista.com/blur/WEB_LISTING/0/id.pro.es.image.master/5a/37/dd/840712211.jpg,false,https://www.idealista.com/inmueble/92480222/,2020_10_14
barrio Vila de Gràcia,4,es,,flat,774,Gràcia,true,BCN26639,,false,false,true,true,false,false,41.4008588,2.155351,Barcelona,Vila de Gràcia,false,,28,sale,,,NaN,1280000.0,4183.0,92480222,flat,Barcelona,8,false,306.0,renew,"Vila de Gràcia, Barcelona",Piso,https://img3.idealista.com/blur/WEB_LISTING/0/id.pro.es.image.master/5a/37/dd/840712211.jpg,false,https://www.idealista.com/inmueble/92480222/,2021_02_19
barrio Vila de Gràcia,4,es,,flat,537,Gràcia,true,BCN26639,,false,false,true,true,false,false,41.4008588,2.155351,Barcelona,Vila de Gràcia,false,,28,sale,,,NaN,1280000.0,4183.0,92480222,flat,Barcelona,8,false,306.0,renew,"Vila de Gràcia, Barcelona",Piso,https://img3.idealista.com/blur/WEB_LISTING/0/id.pro.es.image.master/5a/37/dd/840712211.jpg,false,https://www.idealista.com/inmueble/92480222/,2021_02_22
Camps Blancs - Casablanca - Canons,3,es,,chalet,2920,Camps Blancs - Casablanca - Canons,false,01657AM,bj,false,false,,false,false,false,41.342763,2.0183804,Sant Boi de Llobregat,,false,,48,sale,true,true,NaN,464000.0,777.0,92528193,chalet,Barcelona,11,false,597.0,good,"Camps Blancs - Casablanca - Canons, Sant Boi de Llobregat",Chalet,https://img3.idealista.com/blur/WEB_LISTING/0/id.pro.es.image.master/6e/2a/12/842101657.jpg,false,https://www.idealista.com/inmueble/92528193/,2020_05_08
La Plana - Bellsoleig,4,es,independantHouse,chalet,2729,La Plana - Bellsoleig,false,CHA0930-F,,false,false,,false,false,false,41.3921247,2.0752633,Sant Just Desvern,,false,,16,sale,,,,1250000.0,3197.0,92640793,chalet,Barcelona,8,false,391.0,good,"La Plana - Bellsoleig, Sant Just Desvern",Casa independiente,https://img3.idealista.com/blur/WEB_LISTING/0/id.pro.es.image.master/a0/26/e1/844612802.jpg,false,https://www.idealista.com/inmueble/92640793/,2020_01_23
Sant Just Desvern,4,es,independantHouse,chalet,2555,,false,CHA0930-F,,false,false,,false,false,false,41.3921247,2.0752633,Sant Just Desvern,,false,,16,sale,,,NaN,1250000.0,3197.0,92640793,chalet,Barcelona,8,false,391.0,good,Sant Just Desvern,Casa independiente,https://img3.idealista.com/blur/WEB_LISTING/0/id.pro.es.image.master/a0/26/e1/844612802.jpg,false,https://www.idealista.com/inmueble/92640793/,2020_08_04
barrio Vallvidrera - El Tibidabo i les Planes,5,es,independantHouse,chalet,2348,Sarrià-Sant Gervasi,false,W-02HQ75,,false,false,,false,false,false,41.4168723,2.1071633,Barcelona,Vallvidrera - El Tibidabo i les Planes,false,,51,sale,true,true,,1975000.0,2821.0,92742681,chalet,Barcelona,8,false,700.0,good,"Vallvidrera - El Tibidabo i les Planes, Barcelona",Casa independiente,https://img3.idealista.com/blur/WEB_LISTING/0/id.pro.es.image.master/cf/3d/cf/847020442.jpg,false,https://www.idealista.com/inmueble/92742681/,2020_01_23
barrio Vallvidrera - El Tibidabo i les Planes,5,es,independantHouse,chalet,3196,Sarrià-Sant Gervasi,false,W-02HQ75,,false,false,,false,false,false,41.4168723,2.1071633,Barcelona,Vallvidrera - El Tibidabo i les Planes,false,,51,sale,true,true,,1975000.0,2821.0,92742681,chalet,Barcelona,8,false,700.0,good,"Vallvidrera - El Tibidabo i les Planes, Barcelona",Casa independiente,https://img3.idealista.com/blur/WEB_LISTING/0/id.pro.es.image.master/cf/3d/cf/847020442.jpg,false,https://www.idealista.com/inmueble/92742681/,2020_06_04
"Avenida de Pedralbes, 48",6,es,duplex,flat,854,Les Corts,true,,5,false,true,true,true,false,true,41.3925064,2.116072,Barcelona,Pedralbes,false,,53,sale,true,true,NaN,2500000.0,5593.0,92894983,duplex,Barcelona,8,true,447.0,renew,"Pedralbes, Barcelona","Dúplex en Avenida de Pedralbes, 48",https://img3.idealista.com/blur/WEB_LISTING/0/id.pro.es.image.master/b7/f2/ed/850754760.jpg,false,https://www.idealista.com/inmueble/92894983/,2020_01_13
"Avenida de Pedralbes, 48",6,es,duplex,flat,3125,Les Corts,true,,5,false,true,true,true,false,true,41.3925064,2.116072,Barcelona,Pedralbes,false,,53,sale,true,true,,2500000.0,5593.0,92894983,duplex,Barcelona,8,true,447.0,renew,"Pedralbes, Barcelona","Dúplex en Avenida de Pedralbes, 48",https://img3.idealista.com/blur/WEB_LISTING/0/id.pro.es.image.master/b7/f2/ed/850754760.jpg,false,https://www.idealista.com/inmueble/92894983/,2020_04_16
"Avenida de Pedralbes, 48",6,es,duplex,flat,462,Les Corts,true,,5,false,true,true,true,false,true,41.3925064,2.116072,Barcelona,Pedralbes,false,,53,sale,true,true,,2500000.0,5593.0,92894983,duplex,Barcelona,8,true,447.0,renew,"Pedralbes, Barcelona","Dúplex en Avenida de Pedralbes, 48",https://img3.idealista.com/blur/WEB_LISTING/0/id.pro.es.image.master/b7/f2/ed/850754760.jpg,false,https://www.idealista.com/inmueble/92894983/,2020_08_05
"Avenida de Pedralbes, 48",6,es,duplex,flat,353,Les Corts,true,,5,false,true,true,true,false,true,41.3925064,2.116072,Barcelona,Pedralbes,false,,53,sale,true,true,NaN,2500000.0,5593.0,92894983,duplex,Barcelona,8,true,447.0,renew,"Pedralbes, Barcelona","Dúplex en Avenida de Pedralbes, 48",https://img3.idealista.com/blur/WEB_LISTING/0/id.pro.es.image.master/b7/f2/ed/850754760.jpg,false,https://www.idealista.com/inmueble/92894983/,2020_09_04
Valldoreix,19,es,independantHouse,chalet,2992,Valldoreix,false,5015B,,false,false,,false,false,false,41.45227,2.05002,Sant Cugat del Vallès,,false,,12,sale,,,,4500000.0,3404.0,92916712,chalet,Barcelona,14,false,1322.0,good,"Valldoreix, Sant Cugat del Vallès",Casa independiente,https://img3.idealista.com/blur/WEB_LISTING/0/id.pro.es.image.master/07/59/d7/851025439.jpg,false,https://www.idealista.com/inmueble/92916712/,2020_06_04
Valldoreix,19,es,independantHouse,chalet,2456,Valldoreix,false,5015B,,false,false,,false,false,false,41.45227,2.05002,Sant Cugat del Vallès,,false,,12,sale,,,NaN,4500000.0,3404.0,92916712,chalet,Barcelona,14,false,1322.0,good,"Valldoreix, Sant Cugat del Vallès",Casa independiente,https://img3.idealista.com/blur/WEB_LISTING/0/id.pro.es.image.master/07/59/d7/851025439.jpg,false,https://www.idealista.com/inmueble/92916712/,2020_08_30
barrio Sant Gervasi - La Bonanova,4,es,penthouse,flat,799,Sarrià-Sant Gervasi,false,246643,6,false,false,true,false,false,false,41.4040941,2.1355248,Barcelona,Sant Gervasi - La Bonanova,false,,40,sale,,,NaN,3200000.0,7477.0,92932853,penthouse,Barcelona,10,false,428.0,renew,"Sant Gervasi - La Bonanova, Barcelona",Ático,https://img3.idealista.com/blur/WEB_LISTING/0/id.pro.es.image.master/6e/95/dd/851437666.jpg,false,https://www.idealista.com/inmueble/92932853/,2020_01_10
barrio Sant Gervasi - La Bonanova,4,es,penthouse,flat,824,Sarrià-Sant Gervasi,false,246643,6,false,false,true,false,false,false,41.4040941,2.1355248,Barcelona,Sant Gervasi - La Bonanova,false,,40,sale,,,NaN,3200000.0,7477.0,92932853,penthouse,Barcelona,10,false,428.0,renew,"Sant Gervasi - La Bonanova, Barcelona",Ático,https://img3.idealista.com/blur/WEB_LISTING/0/id.pro.es.image.master/6e/95/dd/851437666.jpg,false,https://www.idealista.com/inmueble/92932853/,2020_02_21
barrio La Torrasa,10,es,,flat,1473,La Torrasa,true,247680,4,false,false,true,false,false,false,41.3696864,2.1276754,Hospitalet de Llobregat,La Torrasa,false,,8,sale,,,NaN,1250000.0,2328.0,93137532,flat,Barcelona,12,false,537.0,good,"La Torrasa, Hospitalet de Llobregat",Piso,https://img3.idealista.com/blur/WEB_LISTING/0/id.pro.es.image.master/43/da/79/856166247.jpg,false,https://www.idealista.com/inmueble/93137532/,2020_12_07
Carretera de Sarrià a Vallvidrera,9,es,,chalet,2759,Sarrià-Sant Gervasi,false,18026,bj,false,false,,false,false,false,41.4085165,2.1103355,Barcelona,Sarrià,false,,40,sale,,,,4950000.0,6471.0,93180669,chalet,Barcelona,8,false,765.0,good,"Sarrià, Barcelona",Chalet en Carretera de Sarrià a Vallvidrera,https://img3.idealista.com/blur/WEB_LISTING/0/id.pro.es.image.master/60/a3/24/856324121.jpg,false,https://www.idealista.com/inmueble/93180669/,2020_01_23
Carretera de Sarrià a Vallvidrera,9,es,,chalet,2759,Sarrià-Sant Gervasi,false,18026,bj,false,false,,false,false,false,41.4085165,2.1103355,Barcelona,Sarrià,false,,40,sale,,,,4950000.0,6471.0,93180669,chalet,Barcelona,8,false,765.0,good,"Sarrià, Barcelona",Chalet en Carretera de Sarrià a Vallvidrera,https://img3.idealista.com/blur/WEB_LISTING/0/id.pro.es.image.master/60/a3/24/856324121.jpg,false,https://www.idealista.com/inmueble/93180669/,2020_06_02
Carretera de Sarrià a Vallvidrera,9,es,,chalet,835,Sarrià-Sant Gervasi,false,18026,bj,false,false,,false,false,false,41.4085165,2.1103355,Barcelona,Sarrià,false,,40,sale,,,,4950000.0,6471.0,93180669,chalet,Barcelona,8,false,765.0,good,"Sarrià, Barcelona",Chalet en Carretera de Sarrià a Vallvidrera,https://img3.idealista.com/blur/WEB_LISTING/0/id.pro.es.image.master/60/a3/24/856324121.jpg,false,https://www.idealista.com/inmueble/93180669/,2020_10_31
Carretera de Sarrià a Vallvidrera,9,es,,chalet,790,Sarrià-Sant Gervasi,false,18026,bj,false,false,,false,false,false,41.4085165,2.1103355,Barcelona,Sarrià,false,,40,sale,,,NaN,4950000.0,6471.0,93180669,chalet,Barcelona,8,false,765.0,good,"Sarrià, Barcelona",Chalet en Carretera de Sarrià a Vallvidrera,https://img3.idealista.com/blur/WEB_LISTING/0/id.pro.es.image.master/60/a3/24/856324121.jpg,false,https://www.idealista.com/inmueble/93180669/,2020_12_04
